,商品名,商品画像,商品説明(文章),商品説明(画像),最低価格,カテゴリ
B000C1V6GE,CYBER・フェイスシールド<ブラック>,"https://images-na.ssl-images-amazon.com/images/I/316TWSQ2T1L._SX38_SY50_CR,0,0,38,50_.jpg",,[],,ゲーム/PSP/周辺機器・アクセサリ
B0029ZFYJQ,アサヒ スーパードライ 350ml×24本,,種類:350ml×24本商品紹介洗練されたクリアな味、辛口。さらりとした口あたり、シャープなのどごし。キレ味さえる、いわば辛口ビールです。この商品はバラ缶です。ケースを開封すると、24缶のビールがバラで入っています原材料・成分麦芽、ホップ、米、コーン、スターチ商品の説明をすべて表示する,[],"￥ 4,465",食品・飲料・お酒/お酒/ビール・発泡酒/ビール
B0718VY36W,HSU アルミ親指スクリューセット つまみネジ GoPro hero7/6/5/2018 アクセサリー アルミ製 （ネジ3個 レンチ１個 ）（レッド）,,色:アルミ親指スクリューセット(赤)①このレンチはGoProカメラのつまみに対する特別な設計で、つまみの緩める、締めることに便利です。（Gopro意外のカメラにも一定的な通用性があります）②ネジとレンチはアルミ合金製で、軽量、耐用、頼もしいです。③アウトドアスポーツをしている時にも、しっかり締めれば落ちることを心配する必要がありません。④二つの寸法のネジがあって、場合によって巧みに使用できます。⑤カラー：レッド【メーカー保証】①、購入した製品は30日以内に、正常な使用状態で故障した場合、一切無償交換または全額ヘンキンを対応させていただきます。またご購入日からの一年間がメーカー保証期間となります。②、JPHSUSHOP（本店）から直接購入された物のみが正規品であり、正規品以外の交換、ヘンピン対応・修理、お問い合わせなどはお受けする事が出来ません。注意：本製品はGoProカメラを含めていません。,"['https://images-na.ssl-images-amazon.com/images/S/aplus-seller-content-images-us-east-1/A1VC38T7YXB528/A3QX2R6E5XBD3/B0718VY36W/XWNqyMGUSMuf._UX970_TTW_.jpg', 'https://images-na.ssl-images-amazon.com/images/S/aplus-seller-content-images-us-east-1/A1VC38T7YXB528/A3QX2R6E5XBD3/B0718VY36W/1N324LFEQOOF._UX970_TTW_.jpg']","￥ 1,099",家電＆カメラ/カメラ/アクセサリ/ウェアラブルカメラ用アクセサリ/ウェアラブルカメラ用マウント部品
B0749CBGCL,[ジュエル] シューケアボックス,,初心者でも簡単に、一通りの革靴のお手入れができます！※シューケアマニュアル付き靴磨きセット靴クリームの色が選べる！靴磨きセット-セット内容-・ヴィオラ 汚れ落としローション1本http://www.amazon.co.jp/dp/B002PP93GK/ref=sr_1_1?&m=A2IXMP1S0C4KCU・ヴィオラ シュークリーム 1個http://www.amazon.co.jp/dp/B01C3UC5R0/ref=sr_1_1?&m=A2IXMP1S0C4KCU・JEWEL 靴用ブラシ（白毛）　1本http://www.amazon.co.jp/dp/B002PPLOK8/ref=sr_1_1?&m=A2IXMP1S0C4KCU・JEWEL ホースヘアブラシ　1本http://www.amazon.co.jp/dp/B002PQ5H3C/ref=sr_1_1?&m=A2IXMP1S0C4KCU・BRIN 靴手入仕上げミット　1枚http://www.amazon.co.jp/dp/B005J8O9A0/ref=sr_1_1?&m=A2IXMP1S0C4KCU・お手入れクロス　1枚※クリーナーを使っての汚れ落としなどにhttp://www.amazon.co.jp/dp/B003U8ZOW8/ref=sr_1_1?&m=A2IXMP1S0C4KCU・ハンドルブラシ 1本　※クリーム塗布用にhttp://www.amazon.co.jp/dp/B002XZ4TIO/ref=sr_1_1?&m=A2IXMP1S0C4KCU・JEWEL シューケアマニュアル　　※写真入りで手順を詳しく解説しています持ち手付きのクリアケース入り。そのままクローゼットや下駄箱にしまって頂けます。※商品は全て、キット用のミニサイズではなく、現品が入ります。カラーマニュアルを見ながら、作業が出来るので、初心者でも安心♪「靴磨きは初めて」でも大丈夫！マニュアルを見ながら磨けます。カラーマニュアルには、クリームを付ける量の目安や、ブラシの材質の違い等についても記載があり、見ながら順番に作業をすることで、初めてでも一通りのツヤ革の革靴のお手入れが出来ます。※マニュアルの中身やデザインやボックスは変更になる場合がございます。全て標準販売品なので、買い足しが簡単です。ホコリ落とし→汚れ落とし→クリーム塗布→クリーム磨き→仕上げ一通りの靴磨きに必要な道具を、コンパクトにまとめました。,"['https://images-na.ssl-images-amazon.com/images/S/aplus-seller-content-images-us-east-1/A1VC38T7YXB528/A2IXMP1S0C4KCU/B0749CBGCL/TTmD4ArvQzG3._UX730_TTW_.jpg', 'https://images-na.ssl-images-amazon.com/images/S/aplus-seller-content-images-us-east-1/A1VC38T7YXB528/A2IXMP1S0C4KCU/B0749CBGCL/jFSsx49XSBei._UX300_TTW_.jpg', 'https://images-na.ssl-images-amazon.com/images/S/aplus-seller-content-images-us-east-1/A1VC38T7YXB528/A2IXMP1S0C4KCU/B0749CBGCL/EVUWtUtySEu._UX300_TTW_.jpg', 'https://images-na.ssl-images-amazon.com/images/S/aplus-seller-content-images-us-east-1/A1VC38T7YXB528/A2IXMP1S0C4KCU/B0749CBGCL/zDuqAROyTRSp._UX300_TTW_.jpg', 'https://images-na.ssl-images-amazon.com/images/S/aplus-seller-content-images-us-east-1/A1VC38T7YXB528/A2IXMP1S0C4KCU/B003M7BH3M/2epGbF0LRdeB._UX300_TTW_.jpg']","￥ 3,240",シューズ＆バッグ/シューケア・シューアクセサリー/キット
B074V3YZ9C,USB Type C ハブ 5ポート HDMI 高速USB3.0 SD&MicroSD カードリーダー 超薄 コンパクト 新型Macbook、Lenovo Yoga、Dell XPS、Samsung Galaxy S8 対応,,サイズ:USB Type C ハブ 5ポートUSB Type C ハブ 5ポート HDMI 高速USB3.0 SD&MicroSD カードリーダー 超薄 コンパクト 新型Macbook ChromeBook Pixel Samsung Galaxy S8 対応商品紹介usb c ハブの使用されるチップは特製で優れた互換性、低発熱及び低消費電力のは弊社の商品の魅力的なところです。Macbookのデザインと調和するアルミボディ、そして薄い筐体にも関わらずHDMI、MicroSD、SDカード、USB3.0のポートが2つと充実のポートラインナップ。Macbook（USB-C端子搭載）との対応はもちろん、Samsung Galaxy S8/S8+などUSB-C端子搭載のスマホにも対応できます。小さな体に機能がギュッとつまったアイテム。軽量、小型で持ち運びにも使えて完成度の高いUSB TYPE-Cハブです。お手軽な使い方ドライバー不要またはバスパワー駆動でACアダプタなどを必要とせず、Macbook、パソコンやスマホに接続するだけで手軽に利用できます。SDとTF同時に使用可&高速データ転送読込と書込みのスピードがカード品質により異なります。また、5Gbpsまでのデータ転送速度によりHD動画も数秒で転送可能です。超コンパクト約50グラムのコンパクトサイズなので、簡単に持ち運ぶことができます。高い堅牢性強化設計されたケーブルと耐熱端子により、高い保護性能があり、長くお使いいただけます。高品質のHDMI出力4K＠30Hz或いは、1080P＠60Hzまで対応。手軽に大画面で高画質な映像を楽しめます。対応機種● USB-Cポート搭載のすべてのMacbook/Macbook Pro● Google Chromebook Pixel● Lenovo Yoga 720/900● HP Spectre X2、HP Spectre X360、HP Elitebook Folio G1、HP Elite X2 1012 G1● Acer Switch Alpha 1、Acer Spin7、Acer Chromebook R13● Samsung Chromebook Plus、Samsung Galaxy TabProS、Samsung Note8、Samsung Galaxy S8/S8+● LG G5、LG V20、HuaWei MateBook※ ご注意：本製品を上記以外の機種に使用する場合、正常動作を保証できませんので、予めご了承ください。❤HPの Elitebook 820 G3のTYPE-CポートはHDMI出力機能がありません、充電機能とデータ伝送機能のみをサポートします。対応しません。基本仕様商品タイプ：USB TYPE-C ハブ素材：アルミニウム合金、ABSカラー: グレイ、シルバーポート: 2 x USB 3.0、1 x USB Type-C、1 x HDMI、1 x SDカードリーダー、1 x TFカードリーダーコネクタ: USB Type C寸法: 97mm x 29mm x 10 mm重量：49gパッケージ5in1 USB TYPE C ハブ x 1,"['https://images-na.ssl-images-amazon.com/images/S/aplus-seller-content-images-us-east-1/A1VC38T7YXB528/A2MRN16KRT2FF2/B074V3YZ9C/3XaywdlTL6S._UX970_TTW_.jpg', 'https://images-na.ssl-images-amazon.com/images/S/aplus-seller-content-images-us-east-1/A1VC38T7YXB528/A2MRN16KRT2FF2/B074V3YZ9C/Db6yjI8aSc1._UX300_TTW_.jpg', 'https://images-na.ssl-images-amazon.com/images/S/aplus-seller-content-images-us-east-1/A1VC38T7YXB528/A2MRN16KRT2FF2/B074V3YZ9C/oIzPaS76RD4._UX300_TTW_.jpg', 'https://images-na.ssl-images-amazon.com/images/S/aplus-seller-content-images-us-east-1/A1VC38T7YXB528/A2MRN16KRT2FF2/B074V3YZ9C/z6agqHztSM6l._UX300_TTW_.jpg', 'https://images-na.ssl-images-amazon.com/images/S/aplus-seller-content-images-us-east-1/A1VC38T7YXB528/A2MRN16KRT2FF2/B074V3YZ9C/hDuhHuAQJ6T._UX300_TTW_.jpg', 'https://images-na.ssl-images-amazon.com/images/S/aplus-seller-content-images-us-east-1/A1VC38T7YXB528/A2MRN16KRT2FF2/B074V3YZ9C/z8OUEE8QPKC._UX300_TTW_.jpg', 'https://images-na.ssl-images-amazon.com/images/S/aplus-seller-content-images-us-east-1/A1VC38T7YXB528/A2MRN16KRT2FF2/B074V3YZ9C/YumI4R2STQin._UX300_TTW_.jpg', 'https://images-na.ssl-images-amazon.com/images/S/aplus-seller-content-images-us-east-1/A1VC38T7YXB528/A2MRN16KRT2FF2/B074V3YZ9C/IGt7oyMQq2d._UX300_TTW_.jpg', 'https://images-na.ssl-images-amazon.com/images/S/aplus-seller-content-images-us-east-1/A1VC38T7YXB528/A2MRN16KRT2FF2/B074V3YZ9C/hvmTYU0TSmSf._UX300_TTW_.jpg']","￥ 2,999",パソコン・周辺機器/PCアクセサリ・サプライ/ノートパソコンアクセサリ/ドッキングステーション
B075JLJ241,SWANS(スワンズ) スキー スノーボード ヘルメット フリーライドモデル 大人用 男女兼用 H-45R,,"【商品の説明】H-45Rは幼児〜大人まで幅広く対応するハードシェルタイプのフリーライド用スノーヘルメット。サイズはS,M,Lの3サイズで、ダイヤル式のアジャスターにより細かなサイズ調節が可能。後頭部にはスキー スノーボード ゴーグルストッパーを装備。耳当ては着脱が可能。ベンチレーションにより頭部の蒸れも軽減します。CE規格 EN1077B認証(ヨーロッパ安全規格)【ヘルメットの安全規格について】ヨーロッパを中心とする安全規格(CE規格EN1077)には形状別に「A」「B」の規格があり、「A」は主に頬まで覆うレーシング系ヘルメットに、「B」は覆う範囲が少ないフリーライド系ヘルメットに用いられます。【ブランドの説明】1911年創業の山本光学株式会社が手がける国産ブランド「【国産ブランド】SWANS(スワンズ)」。日本人の頭部データを元に、日本人に合った製品設計と、100年を超える歴史で培った光をコントロールする技術により、その製品は国内外問わず、数多くのトップアスリートに支持され続けている。",[],"￥ 3,989 - ￥ 7,560",スポーツ＆アウトドア/スキー/ヘルメット
B07GBPK96J,iPhone XR ケースSHINEZONE iPhonexr 6.1インチ ソフトカバー 透明 TPU 耐衝撃 落下防止 防指紋 全面保護カバー（iPhone XRケース クリア）,,【上質素材採用】滑りにくい素材、手に滑らかにフィット。シリコン素材より強く耐久性に優れ、プラスチック素材よりしなやかな弾力性を持つTPU(熱可塑性ポリウレタン)素材を使用しています。【保護機能】やさしいカメラ保護デザインで擦りや傷がつきにくい。カメラ・フラッシュに干渉しないよう、設計されているので、ケースを装着したまま、撮影が可能。完全カバー構造、辺角の耐衝撃デザインを採用、スマホ落下時には、しっかり衝撃を吸収します。【デザイン性】ドットパターン、水跡にも強く、スマホにぴったりフィットします。ナチュラルかつ上品なデザインで高級感を演出。細部にまでこだわり、見た目もスタイリッシュで洗練された造りを実現しました。携帯ケースは各ボタンを覆っていなくてケースを付けたまま各種操作が可能なので機能性抜群です。【出品者に連絡】製品に不具合が生じた場合は、をクリックして弊社宛まで直接にお問い合わせ下さい。 １００パーセントのお客様の満足は弊社のゆいいつの目標いたします。,"['https://images-na.ssl-images-amazon.com/images/S/aplus-seller-content-images-us-east-1/A1VC38T7YXB528/A1F7DOQ720AV63/B07GBPK96J/8Oo4G4kKTjGH._UX970_TTW_.jpg', 'https://images-na.ssl-images-amazon.com/images/S/aplus-seller-content-images-us-east-1/A1VC38T7YXB528/A1F7DOQ720AV63/B07GBPK96J/3yH0eIaVQ8Sq._UX300_TTW_.jpg', 'https://images-na.ssl-images-amazon.com/images/S/aplus-seller-content-images-us-east-1/A1VC38T7YXB528/A1F7DOQ720AV63/B07GBPK96J/bpDQDixESWyj._UX300_TTW_.jpg', 'https://images-na.ssl-images-amazon.com/images/S/aplus-seller-content-images-us-east-1/A1VC38T7YXB528/A1F7DOQ720AV63/B07GBPK96J/9WNHZSDeTheW._UX300_TTW_.jpg', 'https://images-na.ssl-images-amazon.com/images/S/aplus-seller-content-images-us-east-1/A1VC38T7YXB528/A1F7DOQ720AV63/B07GBPK96J/5EExOle1TmWY._UX300_TTW_.jpg', 'https://images-na.ssl-images-amazon.com/images/S/aplus-seller-content-images-us-east-1/A1VC38T7YXB528/A1F7DOQ720AV63/B07GBPK96J/S5ta5fHQ2m._UX300_TTW_.jpg', 'https://images-na.ssl-images-amazon.com/images/S/aplus-seller-content-images-us-east-1/A1VC38T7YXB528/A1F7DOQ720AV63/B07GBPK96J/9gNg3nW2TIGT._UX300_TTW_.jpg']",￥ 860,家電＆カメラ/携帯電話・スマートフォン/携帯電話・スマートフォンアクセサリ/ケース・カバー
B07GHMQDCJ,【Spigen】 スマホケース iPhone XR ケース 6.1インチ 対応 クリア 衝撃吸収 米軍MIL規格取得 ウルトラ・ハイブリッド 064CS24873 (クリスタル・クリア),,"サイズ:iPhone XR| 
            
             カラー:クリスタル・クリア【製品の特徴】※MIL規格(STD 810G-516.6)の規定にのっとり”米軍軍事規格”を取得しています。(第三者機関による試験実施)TPU素材のバンパーにポリカーボネート素材のクリア背面パネルを組み合わせた、2重構造のハイブリッドケースです。※TPUとは＝ゴムのような柔らかさと傷つきにくさが特徴でケースが外れにくい素材のこと。※ポリカーボネートとは＝プラスチック製で耐衝撃、耐熱、柔軟性を持ち合わせた素材のこと。【エアクッションテクノロジー】（落下時の衝撃を軽減する設計）ケースの各コーナー内側部分に落下時の衝撃を効率よく吸収するための技術”エアクッションテクノロジー”を採用。本体の落下時に伝わる衝撃をケース内側の四隅にあるエアクッションで吸収するので、衝撃を最小限に抑えます。【好みのカスタマイズ】背面は質の良いポリカーボネート素材でできているため外側にはシールを貼ったり、またケースの内側には写真、切り抜きなどを入れるなど自由度の高いカスタマイズが可能です。透明度の高い仕様のため、そのままでも端末の美しさを引き立てます。【液晶画面・背面を守るこだわりの設計】前面と背面のフチを高く設計し、液晶画面とカメラレンズをキズから保護します。【注意】※本製品には傷防止用のフィルムが貼り付いている場合があります。英印字のある面のみフィルムが貼り付いておりますので、カメラホールの淵からお剥がしください。※Spigen製品以外の、液晶保護フィルムもしくはガラスフィルムは推奨しておりません。予めご了承下さい。","['https://images-na.ssl-images-amazon.com/images/S/aplus-seller-content-images-us-east-1/A1VC38T7YXB528/A25YHVMJM3HHMX/B07GHMQDCJ/30sqnSKSxuq._UX970_TTW_.jpg', 'https://images-na.ssl-images-amazon.com/images/S/aplus-seller-content-images-us-east-1/A1VC38T7YXB528/A25YHVMJM3HHMX/B07GHMQDCJ/Ym857xNdTzc._UX300_TTW_.jpg', 'https://images-na.ssl-images-amazon.com/images/S/aplus-seller-content-images-us-east-1/A1VC38T7YXB528/A25YHVMJM3HHMX/B07GHMQDCJ/r4UPTpiLRC2D._UX300_TTW_.jpg', 'https://images-na.ssl-images-amazon.com/images/S/aplus-seller-content-images-us-east-1/A1VC38T7YXB528/A25YHVMJM3HHMX/B07GHMQDCJ/7UIEFV2JQcuQ._UX300_TTW_.jpg', 'https://images-na.ssl-images-amazon.com/images/S/aplus-seller-content-images-us-east-1/A1VC38T7YXB528/A25YHVMJM3HHMX/B07GHMQDCJ/ZBCNscwTQAuu._UX300_TTW_.jpg', 'https://images-na.ssl-images-amazon.com/images/S/aplus-seller-content-images-us-east-1/A1VC38T7YXB528/A25YHVMJM3HHMX/B07GHMQDCJ/q5hqmb0MRZWC._UX300_TTW_.jpg', 'https://images-na.ssl-images-amazon.com/images/S/aplus-seller-content-images-us-east-1/A1VC38T7YXB528/A25YHVMJM3HHMX/B07GHMQDCJ/QMjCYe5TuOP._UX300_TTW_.jpg', 'https://images-na.ssl-images-amazon.com/images/S/aplus-seller-content-images-us-east-1/A1VC38T7YXB528/A25YHVMJM3HHMX/B07GHMQDCJ/jPOONL4Tp6z._UX300_TTW_.png', 'https://images-na.ssl-images-amazon.com/images/S/aplus-seller-content-images-us-east-1/A1VC38T7YXB528/A25YHVMJM3HHMX/B07GHMQDCJ/ikhjZoztTE2x._UX300_TTW_.jpg']","￥ 1,683",家電＆カメラ/携帯電話・スマートフォン/携帯電話・スマートフォンアクセサリ/ケース・カバー
B07GXHNRL5,【連射ボタン搭載】 CYBER ・ ワイヤードコントローラー ( SWITCH 用) ブルー - Switch,,Nintendo Switch対応、USB接続の本格派ゲームコントローラー【握りやすくて疲れない本格派コントローラー】グリップ形状、快適にゲームをプレイできるコントローラーNintendo Switch各種操作 (方向キー、アナログスティック) に対応。各種ゲームでのプレイはもちろん、『大乱闘スマッシュブラザーズ SPECIAL』等にもおすすめ。【連射機能搭載】本製品は連射機能を搭載。「TURBO」ボタンを押すと1秒間13連射が可能。連射は各ボタンに個別に設定可能でアクション、シューティングなど連射が要求されるゲームプレイで効果を発揮します。【対応機種】Nintendo Switch/レトロフリーク/パソコン※Windows 7/8/10搭載のパソコンで使用可能。※今後ファームウェアのアップデートにより、対応機種が変更になる場合がございます。※一部のタイトルや機器では正常に使用できない場合があります。商品仕様セット内容:USBコントローラー 有線タイプ×1サイズ:約 125mm×155mm×80mmケーブル長:約3m型番 :CY-NSCWC-BL,[],,ゲーム/Nintendo Switch/周辺機器・アクセサリ
B07GYJP8V5,"【Humixx】 iPhone XR ケース iPhone Xr ケース [ スリム ライト ] [ Qi 充電 対応 ] [ レンズ保護 衝撃 吸収 ] [ 一体感 ボタン保護 ] ( iPhone XR , クリア )［Skin Series]",,カラー:クリア❀ 超スリムで持ちやすい ❀考え抜かれた薄さ、 iPhone XR 本来のデザインを損ねず、保護力をしっかりと残します。iPhoneと大きさがぴったりなケースなので、画面の隅っこまでの操作が可能です。本来のデザイン・薄さを大切にして、硬い素材を使っているので、iPhone本体へのフィット感もすごい、本体の厚さとほとんど変わらずスリムなので、小さいバッグの中にスッキリ収まりできます！軽さと一体感で iPhone XR のそのままの美しさを残せ、裸感覚で使えます。❀ 全てのフィルムと併用可能 ❀ケースのスリムさを保ちためにケースのフチはほぼディスプレイと同じです。それで、ケースの薄さを持ちながら、フルーカバーのガラスフィルムを貼っても干渉しません。❀ 指紋防止 ＆ 衝撃吸収 ❀ケースを汚れや傷から保護する為、特殊なコーティングを施しており、快適な手触りが感じられます。また、指紋や油分も付きにくくなります。ケースの四角を強化し、 iPhone XR の落下時の衝撃を軽減します。❀ カメラレンズ保護 ＆ ワイヤレス充電対応 ❀iPhone XR のカメラレンズより0.3ミリ高い立ち上がって、有効的に擦り傷を防ぎます。ケースをつけたままでもケーブルからの充電ができ、ワイヤレス充電も対応可能です。Face IDなどにも影響を与えずしっかりと iPhone XR の便利機能を使えるiPhoneケースです。❀ 完璧な穴開け ❀精確なホールデザインは、携帯にもジャストフィツトしていて、すべてのポートとボタンも押しやすくなります。また、ケースを装着したまま撮影ができます。❀ 着脱簡単 ❀装着方法：まずは、側面からカバーまたはケースにはめ込んでください。そして、iPhone XR を押さえカバーまたはケースにはめ込み、確実に装着させてください。着脱方法：まず、下部のノッチからスマホを取り外します。そして、iPhone XR を手でしっかりと支え、カバーの下から取り外してください。,"['https://images-na.ssl-images-amazon.com/images/S/aplus-seller-content-images-us-east-1/A1VC38T7YXB528/A12DGJ10864HYD/B07GYJP8V5/HABOjUvuQGi._UX970_TTW_.jpg', 'https://images-na.ssl-images-amazon.com/images/S/aplus-seller-content-images-us-east-1/A1VC38T7YXB528/A12DGJ10864HYD/B07GYJP8V5/tgJlH97KQNKK._UX970_TTW_.jpg']","￥ 1,560",家電＆カメラ/携帯電話・スマートフォン/携帯電話・スマートフォンアクセサリ/ケース・カバー
B07H7H1WJL,【Taisioner】GoPro HERO5/6/7用 防風カバー 防風スポンジケース 騒音防止 録音ノイズ対策 スポンジ製カバー/ケース ブラック,,サイズ:全面防風カバー【​特徴】GoPro HEROシリーズの風の騒音を減らし、風の強い環境や屋外での活動におけるオーディオキャプチャパフォーマンスを向上させます。また、カメラを傷から守ります。高品質なスポンジで作りますので、変形しても元々の形に戻れることができます。（スポンジケースが形付けて場合は、フレームと一緒に着装して、しばらく放置してください。）【注意事項】※カメラ本体を完全に保護するものではございません。※仕様は予告なく変更する場合がございます。※照明やモニターの明るさ/コントラストの設定などで、写真の色と実際の商品で若干の違いがございます。※本体などが発熱や異音を感じた際は、発火の原因になりますので直ちに使用を中止して下さい。※本商品の使用については、全てお客様各位の責任において利用くださいませ。本商品を原因とする機器の破損、データの損失等、弊社では一切の責任を負いませんので、予めご了承くださいませ。,"['https://images-na.ssl-images-amazon.com/images/S/aplus-seller-content-images-us-east-1/A1VC38T7YXB528/AYEIJH0HGNJ21/B07H7H1WJL/EeEi1zOmRJqy._UX970_TTW_.jpg', 'https://images-na.ssl-images-amazon.com/images/S/aplus-seller-content-images-us-east-1/A1VC38T7YXB528/AYEIJH0HGNJ21/B07H7H1WJL/4IiznC6ySIOP._UX970_TTW_.jpg']",￥ 998,家電＆カメラ/カメラ/アクセサリ/カメラ用アクセサリ/カメラバック・ケース
B07H7Y33Y4,CAFELE iPhone XR ケース 6.1インチ クリア 薄型 全透明 TPUソフトバンパー 薄さ0.6mm ワイヤレス充電対応 (クリア),,"サイズ:iPhone XR| 
            
             カラー:クリア★柔らかく丈夫・手に馴染むグリップ感薄くて軽いカバー背面の厚さはわずか0.6mm 、iPhone XR 本来の美しさを損ねない薄さと軽さ。★快適な操作スマホにぴったりとフィットするよう設計され、各部ボタンも押しやすく、快適な操作をサポートします。★本体との一体感柔軟な素材ガ衝撃を和らげ、スマートフォンを守ります。iPhone XRの特徴である美しい流線型を生かしたデザイン。ぴったりとフィットするよう設計されています。手にしっかりフィットするグリップ感をもたらしています。★ケース付けたまま充電できるちょうどいい厚さで、充電する時、ケースを外す必要ない、高い利便性製品です。","['https://images-na.ssl-images-amazon.com/images/S/aplus-seller-content-images-us-east-1/A1VC38T7YXB528/AS1CRSX0TRQM6/B07H7Y33Y4/rLW6cEp2QVmr._UX970_TTW_.jpg', 'https://images-na.ssl-images-amazon.com/images/S/aplus-seller-content-images-us-east-1/A1VC38T7YXB528/AS1CRSX0TRQM6/B07H7Y33Y4/lBXMEVViRjeP._UX300_TTW_.jpg', 'https://images-na.ssl-images-amazon.com/images/S/aplus-seller-content-images-us-east-1/A1VC38T7YXB528/AS1CRSX0TRQM6/B07H7Y33Y4/udmxNrAmS6GT._UX300_TTW_.jpg', 'https://images-na.ssl-images-amazon.com/images/S/aplus-seller-content-images-us-east-1/A1VC38T7YXB528/AS1CRSX0TRQM6/B07H7Y33Y4/dsQXuF5sTUK2._UX300_TTW_.jpg', 'https://images-na.ssl-images-amazon.com/images/S/aplus-seller-content-images-us-east-1/A1VC38T7YXB528/AS1CRSX0TRQM6/B07H7Y33Y4/jTb8LLeQMCd._UX300_TTW_.jpg', 'https://images-na.ssl-images-amazon.com/images/S/aplus-seller-content-images-us-east-1/A1VC38T7YXB528/AS1CRSX0TRQM6/B07H7Y33Y4/YieUNqXLTCyE._UX300_TTW_.jpg', 'https://images-na.ssl-images-amazon.com/images/S/aplus-seller-content-images-us-east-1/A1VC38T7YXB528/AS1CRSX0TRQM6/B07H7Y33Y4/2sNMj8qqR7Gc._UX300_TTW_.jpg', 'https://images-na.ssl-images-amazon.com/images/S/aplus-seller-content-images-us-east-1/A1VC38T7YXB528/AS1CRSX0TRQM6/B07H7Y33Y4/6ZZTIBMfSs6._UX300_TTW_.jpg', 'https://images-na.ssl-images-amazon.com/images/S/aplus-seller-content-images-us-east-1/A1VC38T7YXB528/AS1CRSX0TRQM6/B07H7Y33Y4/hTUUkXYuTZO._UX300_TTW_.jpg']",￥ 999,家電＆カメラ/携帯電話・スマートフォン/携帯電話・スマートフォンアクセサリ/ケース・カバー
B07HZHMT6M,Anon(アノン) ヘルメット スキー スノーボード メンズ RAIDER 2018-19年モデル S~XLサイズ,,ブランド:anon アノン 商品:RAIDER サイズ:S-XL カラー:White 詳細:Enduraシェル構造 マルチシーズン対応 パッシブベンチレーション 取り外し可能なゴーグルクリップ クラシックフリースのライナーとイヤーパッド ビーニー対応のシンプルフィット オーディオアクセサリー対応 Weight:595g スタンダードフィットシステム,[],"￥ 6,370 - ￥ 20,370",スポーツ＆アウトドア/スキー/ヘルメット
B07JG6GVWN,"Tobbiheim スキーグローブ,スノボー グローブ 防寒防水手袋 保温 山登り 滑り止め付 メンズ バイク サイクリング ブラック+レッド アウトドア 登山用 S/M/Lサイズ選択可",,このスキーグローブの表地は潑水加工の外層材料と防水内膜を使用、風や雪の侵入を防ぎ、水が浸透出来ず、雪の中でも手を乾燥させます。肌に優しい材料なので、装着感もアップ!風や雪をグローブの中に侵入防止の為、伸縮性ありの袖口と調整可能なベルトを設計されております。寒い風にもしっかり役に立てますので、あなたの手を守りましょう。紛失防止の為、ベルトのすぐ下にバックルを付いています。うっかり一つの手袋を紛失する事はもうこれ以上ありません。また、グローブに小さいなファスナーポケットが付いていますので、キーやチケット、コインなどのな小物が収納できます。スキー　山登り　スノーボード　バイク　ハイキング色んなアウトドア活動に大活躍！,"['https://images-na.ssl-images-amazon.com/images/S/aplus-seller-content-images-us-east-1/A1VC38T7YXB528/A11888UVXVN7KK/B07JG6GVWN/BO7Zh3c1QZq1._UX970_TTW_.jpg', 'https://images-na.ssl-images-amazon.com/images/S/aplus-seller-content-images-us-east-1/A1VC38T7YXB528/A11888UVXVN7KK/B07JG6GVWN/XOOQkJz1QYmi._UX300_TTW_.jpg', 'https://images-na.ssl-images-amazon.com/images/S/aplus-seller-content-images-us-east-1/A1VC38T7YXB528/A11888UVXVN7KK/B07JG6GVWN/XRrKRAmaSiKZ._UX300_TTW_.jpg', 'https://images-na.ssl-images-amazon.com/images/S/aplus-seller-content-images-us-east-1/A1VC38T7YXB528/A11888UVXVN7KK/B07JG6GVWN/fHmOXxEDTlOU._UX300_TTW_.jpg', 'https://images-na.ssl-images-amazon.com/images/S/aplus-seller-content-images-us-east-1/A1VC38T7YXB528/A11888UVXVN7KK/B07JG6GVWN/UASF1Q03Q1Wb._UX300_TTW_.jpg', 'https://images-na.ssl-images-amazon.com/images/S/aplus-seller-content-images-us-east-1/A1VC38T7YXB528/A11888UVXVN7KK/B07JG6GVWN/fwGssWn2R2SN._UX300_TTW_.jpg', 'https://images-na.ssl-images-amazon.com/images/S/aplus-seller-content-images-us-east-1/A1VC38T7YXB528/A11888UVXVN7KK/B07JG6GVWN/CVtJrZG7RImM._UX300_TTW_.jpg', 'https://images-na.ssl-images-amazon.com/images/S/aplus-seller-content-images-us-east-1/A1VC38T7YXB528/A11888UVXVN7KK/B07JG6GVWN/OureG49TQkqq._UX300_TTW_.JPG', 'https://images-na.ssl-images-amazon.com/images/S/aplus-seller-content-images-us-east-1/A1VC38T7YXB528/A11888UVXVN7KK/B07JG6GVWN/wqy3ZVrSeip._UX300_TTW_.jpg']","￥ 1,280",スポーツ＆アウトドア/スノーボード/ウェア/メンズ/グローブ
